{"i":1000,"val_loss_history":[1.0284978993135],"val_loss_history_it":[1000],"forward_backward_times":{},"opt":{"max_epochs":50,"checkpoint_every":1000,"batch_size":50,"memory_benchmark":0,"init_from":"","grad_clip":5,"model_type":"lstm","lr_decay_every":5,"print_every":1,"wordvec_size":64,"seq_length":50,"input_json":"data\/tiny-shakespeare.json","num_layers":2,"input_h5":"data\/formulas_processed.h5","reset_iterations":1,"rnn_size":128,"dropout":0,"checkpoint_name":"cv\/checkpoint","batchnorm":0,"learning_rate":0.002,"speed_benchmark":0,"gpu_backend":"cuda","lr_decay_factor":0.5,"gpu":0},"train_loss_history":[4.516499042511,4.267918586731,3.9763054847717,3.6309945583344,3.4236850738525,3.2069625854492,3.1333498954773,3.0632905960083,2.9989557266235,2.9893550872803,2.9323625564575,2.9430055618286,2.9599108695984,2.9491848945618,2.856193780899,2.8560237884521,2.8721604347229,2.8900380134583,2.8600175380707,2.7787334918976,2.7402579784393,2.772388458252,2.8328969478607,2.7850456237793,2.7656581401825,2.7296168804169,2.6752626895905,2.6222763061523,2.6551032066345,2.5580441951752,2.5615010261536,2.5475723743439,2.5836970806122,2.5223271846771,2.4898412227631,2.5482366085052,2.5264225006104,2.4079842567444,2.4982786178589,2.4790749549866,2.4310820102692,2.3007805347443,2.2488415241241,2.2962296009064,2.2622809410095,2.3128998279572,2.2714726924896,2.2990827560425,2.2383415699005,2.2835807800293,2.1681139469147,2.1882107257843,2.2796523571014,2.2014367580414,2.1279463768005,2.2217030525208,2.2072250843048,2.1817653179169,2.2367532253265,2.1665146350861,2.1724681854248,2.1384060382843,2.1986138820648,2.1731934547424,2.1476702690125,2.086053609848,2.1023910045624,2.1019628047943,2.0774042606354,2.1200664043427,2.1144959926605,2.0638792514801,2.0857589244843,2.0881133079529,2.0564472675323,2.0463156700134,2.056209564209,2.0572555065155,2.0791442394257,2.0324521064758,2.0264713764191,2.0628318786621,2.0352344512939,2.0932862758636,2.076975107193,2.0434107780457,2.051910161972,2.0058784484863,2.0178217887878,2.0461966991425,1.9918617010117,2.0485556125641,2.0505354404449,2.0837986469269,2.0493094921112,2.0876252651215,2.032155752182,2.0431208610535,1.9912277460098,1.9489691257477,2.0077986717224,2.0157120227814,1.9755890369415,2.0081639289856,2.0153214931488,2.0272243022919,1.9849569797516,2.0241277217865,1.9336460828781,1.9534450769424,1.9890611171722,1.9871201515198,1.9555431604385,1.949370265007,1.9910640716553,1.9567586183548,1.9884170293808,1.9430136680603,1.9509797096252,1.9455775022507,2.0233633518219,1.9803956747055,1.9628238677979,1.9298310279846,1.94116127491,1.9799892902374,1.9535374641418,1.9571471214294,1.9676246643066,1.9613658189774,1.9084626436234,1.8887373209,1.9737405776978,1.9319357872009,1.944038271904,1.9484984874725,1.8993917703629,1.9022347927094,1.8619072437286,1.8956265449524,1.89490878582,1.8795796632767,1.934157371521,1.8911482095718,1.8586001396179,1.8846411705017,1.9040724039078,1.8367228507996,1.8755062818527,1.8542960882187,1.8745572566986,1.8316925764084,1.8511170148849,1.855618596077,1.8888658285141,1.8605146408081,1.8634078502655,1.8502579927444,1.8855035305023,1.9026474952698,1.8786853551865,1.8368917703629,1.8685699701309,1.8344625234604,1.8739897012711,1.8139740228653,1.8008424043655,1.8200907707214,1.7917722463608,1.8187259435654,1.777266740799,1.7929515838623,1.7937632799149,1.7585816383362,1.7138828039169,1.7507019042969,1.7333519458771,1.780592918396,1.6869349479675,1.7971671819687,1.7805080413818,1.744744181633,1.7399468421936,1.780543923378,1.6788482666016,1.7026634216309,1.7254143953323,1.7126361131668,1.6905957460403,1.7290538549423,1.6675304174423,1.6538939476013,1.6067771911621,1.7006576061249,1.694084405899,1.6732851266861,1.6848433017731,1.6499484777451,1.6630688905716,1.6720939874649,1.6426634788513,1.6010317802429,1.6436896324158,1.660548210144,1.549192905426,1.6054949760437,1.5745841264725,1.5604202747345,1.6927398443222,1.6058809757233,1.5973083972931,1.6428360939026,1.6348969936371,1.6142071485519,1.5631092786789,1.5597375631332,1.5399955511093,1.5680809020996,1.6232929229736,1.6055679321289,1.5624636411667,1.5380663871765,1.5464131832123,1.4821254014969,1.523623585701,1.4924793243408,1.5157210826874,1.5270485877991,1.5202380418777,1.6143765449524,1.5876468420029,1.5728954076767,1.5014592409134,1.4969787597656,1.4911737442017,1.5065957307816,1.5051099061966,1.4557838439941,1.4838660955429,1.4425016641617,1.4647598266602,1.5184899568558,1.5251437425613,1.5001105070114,1.4887446165085,1.4823452234268,1.4699374437332,1.4716408252716,1.463347196579,1.4716666936874,1.5067697763443,1.4811305999756,1.3800057172775,1.5222967863083,1.5110368728638,1.471453666687,1.4220012426376,1.4244940280914,1.3356784582138,1.3733577728271,1.4105844497681,1.4094322919846,1.4376050233841,1.466872215271,1.4169832468033,1.4220336675644,1.4575062990189,1.4946976900101,1.4102177619934,1.4377089738846,1.4412548542023,1.4534229040146,1.4398653507233,1.3957467079163,1.3892982006073,1.3598672151566,1.3540639877319,1.3837684392929,1.3554739952087,1.3730479478836,1.3026087284088,1.3934819698334,1.351616024971,1.3328068256378,1.4009523391724,1.3532917499542,1.426368355751,1.3842122554779,1.3881752490997,1.390637755394,1.3446002006531,1.3239889144897,1.4040946960449,1.4388818740845,1.3565837144852,1.3364917039871,1.4335590600967,1.3848270177841,1.4093512296677,1.3952623605728,1.3357501029968,1.3403009176254,1.3761029243469,1.2996096611023,1.3474764823914,1.324923992157,1.3447923660278,1.2895935773849,1.2746703624725,1.2927043437958,1.3418756723404,1.3465094566345,1.3205288648605,1.3419349193573,1.3454707860947,1.3387686014175,1.3542342185974,1.2784535884857,1.3420605659485,1.3075387477875,1.311466217041,1.2645087242126,1.2834529876709,1.3641316890717,1.2453057765961,1.302654504776,1.3296084403992,1.2817423343658,1.2492270469666,1.3283239603043,1.3001283407211,1.3550839424133,1.3497314453125,1.3426539897919,1.3689849376678,1.426495552063,1.2841144800186,1.1742912530899,1.2748426198959,1.337597489357,1.3298107385635,1.2940179109573,1.2630431652069,1.274359703064,1.3024572134018,1.2743347883224,1.261549949646,1.2753686904907,1.246917963028,1.2655167579651,1.2648012638092,1.2206735610962,1.2744143009186,1.2064961194992,1.2405380010605,1.3395662307739,1.2614077329636,1.2803684473038,1.303146481514,1.2950655221939,1.230376958847,1.2836651802063,1.2912335395813,1.2664713859558,1.2982298135757,1.2435171604156,1.2142909765244,1.2625391483307,1.2329007387161,1.21657538414,1.2624773979187,1.267201423645,1.2894706726074,1.2738028764725,1.2879549264908,1.2083654403687,1.2025797367096,1.2717397212982,1.2449086904526,1.2162741422653,1.278208732605,1.2359346151352,1.2105441093445,1.2516398429871,1.2572095394135,1.2446886301041,1.3064547777176,1.2000896930695,1.2091429233551,1.2435044050217,1.226660490036,1.1939169168472,1.246578335762,1.2081793546677,1.2489808797836,1.2915154695511,1.3123135566711,1.1771179437637,1.252485871315,1.1954588890076,1.2326717376709,1.2236541509628,1.2579239606857,1.2184380292892,1.2450524568558,1.2153326272964,1.246648311615,1.227280497551,1.2220562696457,1.1737252473831,1.2200685739517,1.2635227441788,1.2247169017792,1.1880241632462,1.2436122894287,1.2464799880981,1.1603493690491,1.1920150518417,1.2271423339844,1.1902222633362,1.2466346025467,1.199227809906,1.2095631361008,1.1336487531662,1.1297501325607,1.2240051031113,1.232394695282,1.2292051315308,1.2156888246536,1.1656470298767,1.1851314306259,1.2340128421783,1.2068024873734,1.2188723087311,1.2270916700363,1.2812278270721,1.2371374368668,1.2072744369507,1.1788957118988,1.2030354738235,1.2447464466095,1.2749273777008,1.2291536331177,1.2186672687531,1.1475141048431,1.1453665494919,1.1741374731064,1.2082189321518,1.1392979621887,1.1751229763031,1.1485534906387,1.2024617195129,1.2597826719284,1.1850831508636,1.20705473423,1.1852300167084,1.128551363945,1.1648619174957,1.183266043663,1.1816322803497,1.1715580224991,1.1839753389359,1.1629856824875,1.1322196722031,1.1535333395004,