{"i":1000,"val_loss_history":[0.86895627028322],"val_loss_history_it":[1000],"forward_backward_times":{},"opt":{"max_epochs":150,"checkpoint_every":1000,"batch_size":50,"memory_benchmark":0,"init_from":"","grad_clip":5,"model_type":"lstm","lr_decay_every":5,"print_every":1,"wordvec_size":128,"seq_length":500,"input_json":"latex-gen\/data\/formulas_processed.json","num_layers":4,"input_h5":"latex-gen\/data\/formulas_processed.h5","reset_iterations":1,"rnn_size":512,"dropout":0.5,"checkpoint_name":"latex-gen\/data\/checkpoints\/20190711_0200\/checkpoints\/checkpoint","batchnorm":0,"learning_rate":0.002,"speed_benchmark":0,"gpu_backend":"cuda","lr_decay_factor":0.7,"gpu":0},"train_loss_history":[4.5385618209839,3.7238144874573,3.2435908317566,3.0395140647888,3.0028955936432,3.003347158432,3.0085799694061,2.9859797954559,2.9803080558777,2.9613862037659,2.9694664478302,2.9872741699219,2.9533760547638,2.9667274951935,2.957307100296,2.9446239471436,2.9567258358002,2.9399261474609,2.9433948993683,2.9425084590912,2.9457261562347,2.947407245636,2.9315829277039,2.938693523407,2.9243531227112,2.9129209518433,2.9265859127045,2.9444899559021,2.9197998046875,2.9102721214294,2.9354321956635,2.9226181507111,2.9379594326019,2.9308683872223,2.9247291088104,2.9329795837402,2.9378457069397,2.9041674137115,2.9021217823029,2.8992402553558,2.9146840572357,2.9272110462189,2.9270303249359,2.9216396808624,2.9350681304932,2.9330453872681,2.9288425445557,2.9305391311646,2.9038090705872,2.9333219528198,2.9212276935577,2.9216549396515,2.9505858421326,2.897439956665,2.9069175720215,2.8959536552429,2.9283480644226,2.9100399017334,2.8971991539001,2.9107806682587,2.9327929019928,2.9227278232574,2.906093120575,2.902640581131,2.8867204189301,2.8881154060364,2.9119131565094,2.8878581523895,2.8731236457825,2.8412022590637,2.8141798973083,2.8166208267212,2.7749602794647,2.7616767883301,2.6983458995819,2.6528866291046,2.6068499088287,2.5822463035583,2.5352263450623,2.4818840026855,2.4804999828339,2.4274387359619,2.4196617603302,2.3440136909485,2.3248198032379,2.320746421814,2.3102240562439,2.2726349830627,2.2712416648865,2.2651796340942,2.1982574462891,2.2326242923737,2.2039265632629,2.1926155090332,2.1867218017578,2.165848493576,2.1711440086365,2.1516392230988,2.1440522670746,2.1208143234253,2.1152675151825,2.1521790027618,2.1168580055237,2.1012768745422,2.1458973884583,2.0841197967529,2.1160144805908,2.1126646995544,2.1052606105804,2.1280288696289,2.0630030632019,2.1057062149048,2.106570482254,2.0701146125793,2.0731556415558,2.0641868114471,2.0964500904083,2.081657409668,2.073780298233,2.0887229442596,2.0584189891815,2.0442717075348,2.0660665035248,2.087587594986,2.0900938510895,2.0411953926086,2.0498456954956,2.0376465320587,2.027679681778,2.0317847728729,2.0255191326141,2.0445327758789,2.0414352416992,2.0626850128174,2.0502417087555,2.0007309913635,2.0003364086151,2.0240969657898,2.0073537826538,1.9862818717957,2.0105168819427,2.0063011646271,2.0176236629486,1.9789299964905,1.9854576587677,2.0038077831268,1.9760956764221,1.9918886423111,1.9854212999344,1.9752540588379,1.9832527637482,1.9670791625977,1.9681539535522,1.9335528612137,1.9881294965744,1.9783624410629,1.9670784473419,1.9483648538589,1.9743287563324,1.9592101573944,1.9334770441055,1.9325944185257,1.8972100019455,1.9267095327377,1.9295432567596,1.9444842338562,1.9534912109375,1.9424967765808,1.9329395294189,1.9115738868713,1.919758439064,1.9321340322495,1.8919897079468,1.9196461439133,1.8754870891571,1.8996877670288,1.9028978347778,1.9173418283463,1.9085818529129,1.8948118686676,1.9021697044373,1.8769273757935,1.8949811458588,1.8648506402969,1.8594644069672,1.8782147169113,1.8713850975037,1.8606402873993,1.8632242679596,1.8594957590103,1.882318854332,1.8639625310898,1.8384894132614,1.8465701341629,1.8665126562119,1.8219473361969,1.8200489282608,1.8417043685913,1.8187631368637,1.8109295368195,1.8125386238098,1.8385574817657,1.8391194343567,1.7988259792328,1.8159465789795,1.8138381242752,1.8342736959457,1.8069589138031,1.8189681768417,1.8080199956894,1.798166513443,1.7746006250381,1.820632815361,1.8211176395416,1.7911286354065,1.7642023563385,1.7820242643356,1.7890032529831,1.7526593208313,1.7614735364914,1.7636038064957,1.7585915327072,1.7406531572342,1.7396287918091,1.7499735355377,1.7750481367111,1.7782799005508,1.745943903923,1.7432680130005,1.739275097847,1.7647067308426,1.7439707517624,1.7752050161362,1.7337639331818,1.7231074571609,1.7515287399292,1.7069206237793,1.7180776596069,1.7286871671677,1.7411251068115,1.7159289121628,1.7271367311478,1.6793165206909,1.6733227968216,1.6584622859955,1.67720079422,1.6648852825165,1.6635419130325,1.6373509168625,1.635932803154,1.6210322380066,1.6149495840073,1.6207263469696,1.638499379158,1.5936599969864,1.5772922039032,1.5711772441864,1.5918108224869,1.5829744338989,1.5872161388397,1.5707368850708,1.5404560565948,1.5695371627808,1.5464959144592,1.5487226247787,1.5356041193008,1.5548549890518,1.5297187566757,1.5353257656097,1.5182219743729,1.5551204681396,1.5249201059341,1.5243649482727,1.4853612184525,1.5244207382202,1.4742840528488,1.4722626209259,1.5167298316956,1.4615113735199,1.4836039543152,1.4870985746384,1.501762509346,1.4782944917679,1.4621478319168,1.4602978229523,1.4399131536484,1.4181903600693,1.4669785499573,1.4253760576248,1.4436687231064,1.3831670284271,1.441574215889,1.4211354255676,1.4040400981903,1.4200026988983,1.3886719942093,1.4330998659134,1.4218069314957,1.3774243593216,1.3800016641617,1.3829898834229,1.3966994285583,1.3748697042465,1.3625625371933,1.348837018013,1.3529604673386,1.3750678300858,1.3340617418289,1.365430355072,1.3400359153748,1.3349715471268,1.3450145721436,1.3548367023468,1.3144778013229,1.3349719047546,1.3458499908447,1.3214963674545,1.3542693853378,1.3431031703949,1.371046423912,1.3452124595642,1.3385920524597,1.3110818862915,1.304522395134,1.3268237113953,1.318840265274,1.3067378997803,1.30426633358,1.310075044632,1.270414352417,1.2865438461304,1.3155909776688,1.3035714626312,1.2818278074265,1.2713358402252,1.2651429176331,1.2602032423019,1.3211343288422,1.319504737854,1.2635399103165,1.2861837148666,1.2722007036209,1.3043296337128,1.2930785417557,1.2465569972992,1.2604159116745,1.2307503223419,1.2852375507355,1.23608481884,1.2531944513321,1.2618943452835,1.252488732338,1.2408392429352,1.2442991733551,1.2528829574585,1.2467594146729,1.2483123540878,1.2136217355728,1.2688699960709,1.2915740013123,1.2539247274399,1.2515113353729,1.2461068630219,1.2275418043137,1.2055943012238,1.2409570217133,1.2341539859772,1.2107192277908,1.2078461647034,1.1907020807266,1.2047137022018,1.1949142217636,1.2040083408356,1.2105526924133,1.2057546377182,1.1967010498047,1.2248301506042,1.2127916812897,1.1942908763885,1.2414982318878,1.2354389429092,1.2005387544632,1.2130819559097,1.1838890314102,1.2183132171631,1.216267824173,1.2224117517471,1.2225984334946,1.2246668338776,1.2002683877945,1.1986359357834,1.2279409170151,1.2371309995651,1.1722667217255,1.1737213134766,1.1901223659515,1.188624382019,1.1996711492538,1.1731137037277,1.2074389457703,1.1573224067688,1.1750605106354,1.1793967485428,1.1767202615738,1.1536575555801,1.1879631280899,1.1586598157883,1.1606248617172,1.1613054275513,1.1672106981277,1.1619205474854,1.1243135929108,1.1511797904968,1.1724699735641,1.1627413034439,1.1267578601837,1.148487329483,1.1614161729813,1.1431813240051,1.1965614557266,1.1822086572647,1.1501141786575,1.1659393310547,1.1755257844925,1.1515958309174,1.145124912262,1.1520411968231,1.1314126253128,1.1407282352448,1.1053818464279,1.1396610736847,1.1482566595078,1.1587088108063,1.1246571540833,1.1548430919647,1.148387670517,1.1402581930161,1.1386476755142,1.1291190385818,1.1338630914688,1.1753123998642,1.1152070760727,1.1577335596085,1.0999001264572,1.0956650972366,1.0907779932022,1.1403656005859,1.1007150411606,1.1156933307648,1.114838719368,1.1131898164749,1.1392546892166,1.1413804292679,1.1209585666656,1.0939353704453,1.1087218523026,1.1503882408142,1.1257359981537,