{"i":1000,"val_loss_history":[0.80054683180956],"val_loss_history_it":[1000],"forward_backward_times":{},"opt":{"max_epochs":200,"checkpoint_every":1000,"batch_size":50,"memory_benchmark":0,"init_from":"","grad_clip":5,"model_type":"lstm","lr_decay_every":5,"print_every":1,"wordvec_size":64,"seq_length":700,"input_json":"data\/formulas_processed.json","num_layers":3,"input_h5":"data\/formulas_processed.h5","reset_iterations":1,"rnn_size":512,"dropout":0.4,"checkpoint_name":"data\/checkpoints\/20190709_1938\/checkpoint","batchnorm":0,"learning_rate":0.002,"speed_benchmark":0,"gpu_backend":"cuda","lr_decay_factor":0.7,"gpu":0},"train_loss_history":[4.5611000061035,3.542736530304,3.1898410320282,2.9809639453888,3.0043869018555,2.9888570308685,2.9769904613495,2.9613676071167,2.9994301795959,2.9522225856781,2.9566361904144,2.9547617435455,2.9640576839447,2.9459526538849,2.9388480186462,2.9576480388641,2.9269671440125,2.9367444515228,2.9432306289673,2.9286389350891,2.9233350753784,2.9313070774078,2.9252324104309,2.9356229305267,2.9424743652344,2.9307787418365,2.9331390857697,2.9059557914734,2.9253268241882,2.9073648452759,2.9326963424683,2.9020340442657,2.9140741825104,2.9105231761932,2.8928108215332,2.9018032550812,2.9111816883087,2.901358127594,2.8488736152649,2.8438811302185,2.8210818767548,2.815407037735,2.777143239975,2.7418832778931,2.7200593948364,2.6798882484436,2.6358282566071,2.6270983219147,2.5760543346405,2.568662405014,2.5359411239624,2.5002868175507,2.4805369377136,2.4956300258636,2.4271838665009,2.4251348972321,2.3978791236877,2.3630707263947,2.3527181148529,2.3433322906494,2.3495392799377,2.3183982372284,2.3114912509918,2.3105938434601,2.2984483242035,2.2480607032776,2.2832701206207,2.2533738613129,2.2616136074066,2.2168118953705,2.2044706344604,2.2227048873901,2.2100036144257,2.2170884609222,2.1765985488892,2.1619803905487,2.1523625850677,2.1434714794159,2.1346340179443,2.1384880542755,2.1194913387299,2.0952064990997,2.0974440574646,2.1005384922028,2.0697209835052,2.0872538089752,2.0938742160797,2.0744709968567,2.06476521492,2.0677344799042,2.0379595756531,2.060670375824,2.0274789333344,2.0472583770752,2.0714871883392,2.0402398109436,2.0288157463074,2.0163855552673,2.0386345386505,2.0111708641052,2.0103869438171,2.0189006328583,2.0230553150177,2.0010097026825,1.9796319007874,1.9884606599808,1.9875646829605,1.9754647016525,1.989086151123,1.9736722707748,1.9555888175964,1.9632524251938,1.9667437076569,1.9447598457336,1.934472322464,1.9231578111649,1.9292573928833,1.9224325418472,1.905174612999,1.9183620214462,1.8826239109039,1.8845754861832,1.8806416988373,1.891529917717,1.8796178102493,1.8557881116867,1.8339029550552,1.8460253477097,1.8387892246246,1.8312162160873,1.8337240219116,1.8141824007034,1.8267152309418,1.8023054599762,1.8019304275513,1.8201651573181,1.80202293396,1.7804216146469,1.7683717012405,1.7727273702621,1.8012360334396,1.7829723358154,1.7780702114105,1.7552584409714,1.7757641077042,1.7370697259903,1.7272025346756,1.7350445985794,1.7369258403778,1.7197465896606,1.7237300872803,1.7336007356644,1.7511706352234,1.6956814527512,1.7010517120361,1.6907595396042,1.6755524873734,1.6873723268509,1.6783680915833,1.6510790586472,1.6472581624985,1.6375780105591,1.6092302799225,1.639423251152,1.6347881555557,1.6459466218948,1.6391034126282,1.6124964952469,1.6122671365738,1.6435534954071,1.627202630043,1.5993744134903,1.5752011537552,1.6110509634018,1.5965856313705,1.5634813308716,1.5873886346817,1.5696048736572,1.5673925876617,1.5697306394577,1.5501443147659,1.5577014684677,1.5429608821869,1.5266554355621,1.536501288414,1.5241204500198,1.509502530098,1.5237725973129,1.5124459266663,1.50688123703,1.490642786026,1.5145026445389,1.495462179184,1.48029255867,1.4754759073257,1.4684253931046,1.4693582057953,1.4661048650742,1.4657206535339,1.4599565267563,1.4876143932343,1.4523816108704,1.4642347097397,1.4705021381378,1.4568177461624,1.4273228645325,1.4373089075089,1.4495636224747,1.4106292724609,1.4144052267075,1.4173150062561,1.4212689399719,1.4139715433121,1.3837494850159,1.4185755252838,1.4177417755127,1.3967772722244,1.3486773967743,1.3787356615067,1.3610085248947,1.3339440822601,1.3394832611084,1.3528026342392,1.3437323570251,1.3496001958847,1.3399924039841,1.3448107242584,1.3143351078033,1.3317468166351,1.4022777080536,1.3568543195724,1.4145716428757,1.3780963420868,1.3808302879333,1.36967253685,1.3381156921387,1.3504183292389,1.3132586479187,1.3216154575348,1.3105146884918,1.3133037090302,1.2736409902573,1.326513171196,1.296106338501,1.3172967433929,1.2925496101379,1.2869015932083,1.3184819221497,1.2674187421799,1.2598158121109,1.2651008367538,1.2511823177338,1.288337469101,1.2358919382095,1.2748528718948,1.274897813797,1.2523025274277,1.2516444921494,1.2476049661636,1.2331168651581,1.2493561506271,1.2432233095169,1.2226147651672,1.2630294561386,1.2331792116165,1.2032545804977,1.2053470611572,1.1960842609406,1.1817297935486,1.1998608112335,1.2227421998978,1.2331033945084,1.1787296533585,1.2286143302917,1.2120767831802,1.2170116901398,1.2003940343857,1.2006081342697,1.2031940221786,1.1873548030853,1.203254699707,1.1871627569199,1.1882630586624,1.2184598445892,1.1783758401871,1.1562756299973,1.1715202331543,1.2024183273315,1.1842163801193,1.1524671316147,1.1797544956207,1.1636464595795,1.1227680444717,1.1498652696609,1.1515552997589,1.1508479118347,1.1492738723755,1.1242756843567,1.1290986537933,1.1437122821808,1.1549754142761,1.1416471004486,1.1508382558823,1.1313594579697,1.1194233894348,1.1549242734909,1.1299247741699,1.0954452753067,1.1283276081085,1.1124547719955,1.1397057771683,1.1369986534119,1.1397262811661,1.1157999038696,1.1330676078796,1.1271587610245,1.1105517148972,1.1024624109268,1.1030229330063,1.1163629293442,1.1092917919159,1.0657291412354,1.10806620121,1.1029303073883,1.1219209432602,1.0803958177567,1.0989898443222,1.0819610357285,1.0771310329437,1.1167778968811,1.0811586380005,1.0710538625717,1.0951907634735,1.0806585550308,1.0691406726837,1.0476191043854,1.0895076990128,1.065462231636,1.0879360437393,1.0873864889145,1.1186813116074,1.0601459741592,1.057627081871,1.0671973228455,1.0824395418167,1.0936979055405,1.0770947933197,1.103319644928,1.067592382431,1.0585625171661,1.0647490024567,1.0818066596985,1.1005584001541,1.0537992715836,1.0749770402908,1.0596748590469,1.0520522594452,1.0246665477753,1.0691825151443,1.0409288406372,1.0725648403168,1.0640029907227,1.0315964221954,1.0503929853439,1.056412935257,1.0461845397949,1.0557590723038,1.0386644601822,1.0119552612305,1.0619385242462,1.053947687149,1.0147264003754,1.0211387872696,1.0291019678116,1.0066609382629,1.0212833881378,1.0049294233322,1.0290520191193,1.0326144695282,1.0061647891998,1.0085517168045,1.0193351507187,1.0213738679886,1.0151027441025,1.0401235818863,1.0115461349487,0.99903672933578,1.0181437730789,1.0155898332596,1.0030682086945,1.0324782133102,1.0242414474487,1.0309628248215,1.0311980247498,0.99887478351593,0.98978418111801,1.0182559490204,0.982950091362,1.0053762197495,1.0066680908203,1.0002548694611,1.0177215337753,1.0092685222626,0.98421442508698,1.0425012111664,1.0119599103928,0.99819642305374,1.0103895664215,1.026025891304,1.0121374130249,1.005921959877,0.99658334255219,1.0331223011017,0.98525512218475,0.98442155122757,0.99445354938507,0.98429888486862,1.0160223245621,0.99742656946182,1.0225769281387,1.0013591051102,0.96513783931732,0.9865021109581,1.0139037370682,0.98686784505844,0.9963955283165,0.99818181991577,0.98853629827499,0.98581475019455,0.99568915367126,0.97996783256531,0.97668540477753,1.0001139640808,1.0093379020691,0.97846150398254,0.98819786310196,0.9703134894371,0.98399484157562,0.97936081886292,0.96717768907547,1.0015144348145,0.97302770614624,0.9804550409317,0.97429138422012,0.95491057634354,0.96403628587723,0.97752833366394,1.0055859088898,0.98800748586655,1.000272154808,0.9987188577652,0.96237832307816,0.99087959527969,0.97605109214783,0.96586495637894,0.95291483402252,0.98194587230682,0.98628127574921,0.95546537637711,