{"i":1000,"val_loss_history":[1.332792196955],"val_loss_history_it":[1000],"forward_backward_times":{},"opt":{"max_epochs":200,"checkpoint_every":1000,"batch_size":50,"memory_benchmark":0,"init_from":"","grad_clip":5,"model_type":"lstm","lr_decay_every":5,"print_every":1,"wordvec_size":64,"seq_length":700,"input_json":"data\/formulas_utf.json","num_layers":3,"input_h5":"data\/formulas_utf.h5","reset_iterations":1,"rnn_size":512,"dropout":0.4,"checkpoint_name":"data\/checkpoints\/20190709_0822\/checkpoint","batchnorm":0,"learning_rate":0.002,"speed_benchmark":0,"gpu_backend":"cuda","lr_decay_factor":0.7,"gpu":0},"train_loss_history":[4.706506729126,4.4816288948059,3.9009985923767,3.7451829910278,3.7673923969269,3.726446390152,3.7453722953796,3.6920037269592,3.6917760372162,3.7213261127472,3.675213098526,3.6923978328705,3.6881778240204,3.6729829311371,3.6728463172913,3.6693413257599,3.6716122627258,3.6845960617065,3.6613643169403,3.6580948829651,3.62872838974,3.6504573822021,3.6653106212616,3.6630234718323,3.6690762042999,3.6594722270966,3.6578698158264,3.6498262882233,3.6635150909424,3.6365003585815,3.6513857841492,3.6513104438782,3.6419849395752,3.6664490699768,3.655698299408,3.6499922275543,3.6665077209473,3.6312916278839,3.6493716239929,3.6232326030731,3.6100239753723,3.6097304821014,3.6071035861969,3.5820643901825,3.5639815330505,3.5510663986206,3.5342078208923,3.5136280059814,3.4557375907898,3.4261679649353,3.4040896892548,3.3783130645752,3.3617851734161,3.3280022144318,3.3516848087311,3.3560590744019,3.340683221817,3.2713379859924,3.3035504817963,3.2795987129211,3.2789421081543,3.2298414707184,3.2390151023865,3.2450911998749,3.2314085960388,3.2141396999359,3.2010715007782,3.1667981147766,3.1613609790802,3.1717603206635,3.1527924537659,3.1446015834808,3.1708116531372,3.0678627490997,3.123425245285,3.0939252376556,3.0953776836395,3.085280418396,3.0488431453705,3.0496299266815,2.9879870414734,3.0279290676117,2.9669589996338,2.960141658783,2.943859577179,2.9323546886444,2.9209766387939,2.8866691589355,2.9228587150574,2.9255127906799,2.8939685821533,2.8656759262085,2.8158662319183,2.8142218589783,2.821474313736,2.7455456256866,2.7593123912811,2.7751445770264,2.7455072402954,2.7550551891327,2.6982421875,2.7098898887634,2.6955986022949,2.6614952087402,2.6859400272369,2.6534068584442,2.637186050415,2.6283185482025,2.612815618515,2.6094908714294,2.6126616001129,2.5844402313232,2.5109879970551,2.5415577888489,2.5241241455078,2.5062851905823,2.5048623085022,2.4930195808411,2.450790643692,2.4626402854919,2.48353099823,2.4773750305176,2.4222340583801,2.4006831645966,2.3679375648499,2.3954858779907,2.3647537231445,2.3758795261383,2.3503334522247,2.3125905990601,2.3066980838776,2.3064901828766,2.2934474945068,2.278284072876,2.2721381187439,2.256236076355,2.2481296062469,2.236260175705,2.1919643878937,2.2402610778809,2.2098302841187,2.2135677337646,2.2218492031097,2.1631472110748,2.18425989151,2.1580564975739,2.1604042053223,2.1199214458466,2.2066538333893,2.1654794216156,2.1275236606598,2.0901012420654,2.1244359016418,2.1470632553101,2.1246473789215,2.1078782081604,2.0536861419678,2.095139503479,2.0945270061493,2.0992574691772,2.0274913311005,2.0347802639008,2.026086807251,2.0442535877228,2.0252213478088,2.0371236801147,2.0906417369843,2.0485882759094,2.041871547699,2.0433158874512,2.0413510799408,1.9640874862671,2.0643880367279,1.9924894571304,2.0547215938568,2.000613451004,1.9977216720581,1.9980959892273,1.9629417657852,1.9873522520065,1.9395045042038,1.946524977684,1.9197562932968,1.9071173667908,1.9543995857239,1.9256502389908,1.9269709587097,1.9371091127396,1.9686896800995,1.9330817461014,1.9187120199203,1.9270883798599,1.952500462532,1.8801529407501,1.9042838811874,1.9227236509323,1.8748930692673,1.9009187221527,1.8910020589828,1.9131972789764,1.9470446109772,1.9006732702255,1.9401472806931,1.9138097763062,1.8745617866516,1.8941383361816,1.8964605331421,1.8868998289108,1.8550149202347,1.858083486557,1.8749068975449,1.8919402360916,1.8112564086914,1.8596049547195,1.8702111244202,1.8630359172821,1.8496803045273,1.8433220386505,1.8209536075592,1.7964160442352,1.8507994413376,1.8522481918335,1.8660786151886,1.8342872858047,1.8545918464661,1.8435374498367,1.8130060434341,1.8521716594696,1.8061225414276,1.8266898393631,1.7890918254852,1.833983540535,1.8410558700562,1.8577859401703,1.8378158807755,1.7846583127975,1.8715484142303,1.8020260334015,1.8117552995682,1.7593581676483,1.8271090984344,1.8127373456955,1.829310297966,1.7737123966217,1.770382642746,1.7496918439865,1.7530522346497,1.7956244945526,1.7756192684174,1.7592101097107,1.7904547452927,1.7943168878555,1.7940186262131,1.7757934331894,1.7708095312119,1.7618852853775,1.7762378454208,1.8136582374573,1.7941457033157,1.7403621673584,1.7686265707016,1.7442846298218,1.7790324687958,1.720458984375,1.7431161403656,1.7367318868637,1.7154660224915,1.7235816717148,1.73022544384,1.7259609699249,1.7181435823441,1.732649564743,1.7408757209778,1.7580032348633,1.7783648967743,1.7114461660385,1.7300614118576,1.736300110817,1.7194746732712,1.7256025075912,1.7755793333054,1.7514491081238,1.7510967254639,1.7243651151657,1.7061437368393,1.7656685113907,1.7418787479401,1.7488462924957,1.7083114385605,1.7049584388733,1.7102469205856,1.6785097122192,1.7196953296661,1.7362858057022,1.7074022293091,1.6986141204834,1.6810636520386,1.7214559316635,1.7202976942062,1.7245144844055,1.6998518705368,1.6851676702499,1.6608307361603,1.6919431686401,1.6998513936996,1.7199275493622,1.706715464592,1.6772918701172,1.684739947319,1.6875346899033,1.6884220838547,1.6959819793701,1.6847165822983,1.6734094619751,1.7336264848709,1.6887818574905,1.6768099069595,1.7222487926483,1.6747448444366,1.712109208107,1.6670466661453,1.6850999593735,1.7194061279297,1.6938749551773,1.6757116317749,1.7281657457352,1.6812280416489,1.7089445590973,1.7195202112198,1.675304889679,1.6612964868546,1.6611169576645,1.6408962011337,1.6631044149399,1.644874215126,1.6784628629684,1.6460374593735,1.6629410982132,1.6447798013687,1.644980430603,1.6886305809021,1.6696788072586,1.6726504564285,1.6343168020248,1.6625701189041,1.667430639267,1.6407724618912,1.6921956539154,1.682079076767,1.67433822155,1.6778634786606,1.6895744800568,1.6757084131241,1.6531989574432,1.6209248304367,1.626566529274,1.6585800647736,1.6708589792252,1.6896096467972,1.6749542951584,1.654797911644,1.6236095428467,1.6746354103088,1.6417169570923,1.6250612735748,1.6521117687225,1.6268817186356,1.6504241228104,1.6165835857391,1.6518622636795,1.6901987791061,1.6843454837799,1.6522397994995,1.6317239999771,1.6578786373138,1.6651592254639,1.5750082731247,1.6145523786545,1.6512265205383,1.6348716020584,1.6481512784958,1.6212817430496,1.6433612108231,1.6331528425217,1.6131681203842,1.6545560359955,1.6380282640457,1.6670495271683,1.6359043121338,1.6364185810089,1.6609691381454,1.667223572731,1.6683841943741,1.5995630025864,1.6308462619781,1.6229758262634,1.6255216598511,1.6327714920044,1.6407591104507,1.6523723602295,1.6437120437622,1.6663722991943,1.6382455825806,1.6095707416534,1.6037691831589,1.6187959909439,1.6297421455383,1.6176943778992,1.6273024082184,1.5903282165527,1.6004174947739,1.6278020143509,1.6215265989304,1.6048074960709,1.5974743366241,1.5907690525055,1.5945304632187,1.6195160150528,1.6007889509201,1.5816799402237,1.6133407354355,1.5930542945862,1.6173511743546,1.6358442306519,1.5606027841568,1.5809574127197,1.5883338451385,1.5739916563034,1.569486618042,1.6499991416931,1.6099331378937,1.6035848855972,1.5576355457306,1.6080529689789,1.6113255023956,1.6170794963837,1.6173325777054,1.5718001127243,1.615692615509,1.6067351102829,1.6127035617828,1.5637278556824,1.5750579833984,1.5718446969986,1.5900826454163,1.5677883625031,1.5918380022049,1.6408305168152,1.599372625351,1.6008425951004,1.6091612577438,1.6082873344421,1.5439554452896,1.6312347650528,1.5831227302551,1.6378988027573,1.587139248848,1.5981833934784,1.5919330120087,1.5728650093079,1.5823072195053,1.5704016685486,1.5747470855713,