{"i":51000,"val_loss_history":[0.43611026803652],"val_loss_history_it":[51000],"forward_backward_times":{},"opt":{"max_epochs":350,"checkpoint_every":1000,"batch_size":50,"memory_benchmark":0,"init_from":"latex-gen\/data\/checkpoints\/20190725_0341\/checkpoints\/checkpoint_50000.t7","grad_clip":5,"model_type":"lstm","lr_decay_every":5,"print_every":1,"wordvec_size":64,"seq_length":500,"input_json":"latex-gen\/data\/corpus_check\/latex_corpus_check.json","num_layers":2,"input_h5":"latex-gen\/data\/corpus_check\/latex_corpus_check.h5","reset_iterations":0,"rnn_size":128,"dropout":0,"checkpoint_name":"latex-gen\/data\/checkpoints\/20190725_0341\/checkpoints\/checkpoint","batchnorm":0,"learning_rate":0.002,"speed_benchmark":0,"gpu_backend":"cuda","lr_decay_factor":0.5,"gpu":0},"train_loss_history":[0.47731360793114,0.35446062684059,0.38791605830193,0.36155223846436,0.36397340893745,0.36554288864136,0.3671098947525,0.39463430643082,0.3761442899704,0.40089929103851,0.37903544306755,0.38325271010399,0.38883811235428,0.40288722515106,0.37999227643013,0.35271418094635,0.38049852848053,0.35900914669037,0.39443409442902,0.38353577256203,0.38061362504959,0.34692668914795,0.3462230861187,0.34590354561806,0.33736687898636,0.35639452934265,0.36618989706039,0.35680037736893,0.37835574150085,0.39513704180717,0.37374463677406,0.35400655865669,0.38386592268944,0.38384211063385,0.38224342465401,0.38269391655922,0.37905991077423,0.36548492312431,0.36955350637436,0.3385027050972,0.37181863188744,0.38294062018394,0.36114874482155,0.38973760604858,0.37280520796776,0.38194105029106,0.37837940454483,0.37835484743118,0.38179886341095,0.41653719544411,0.38896068930626,0.36808860301971,0.37327790260315,0.35655543208122,0.38075751066208,0.36976969242096,0.36767250299454,0.56861197948456,0.38244313001633,0.38636866211891,0.37855210900307,0.37416964769363,0.36638632416725,0.36456719040871,0.38525348901749,0.39171668887138,0.40043020248413,0.39718633890152,0.36910566687584,0.3642797768116,0.36492359638214,0.36448550224304,0.37040555477142,0.37055191397667,0.37478917837143,0.37856036424637,0.38195145130157,0.35833144187927,0.3518128991127,0.34832376241684,0.34113198518753,0.36988031864166,0.39044797420502,0.38000485301018,0.37266081571579,0.37655422091484,0.37977975606918,0.37155655026436,0.36133250594139,0.36311441659927,0.34642601013184,0.382463991642,0.35564661026001,0.37189733982086,0.37094959616661,0.37920522689819,0.36677342653275,0.39415210485458,0.39910578727722,0.38415676355362,0.37176862359047,0.38824054598808,0.39363741874695,0.39330440759659,0.38838902115822,0.39936125278473,0.36314737796783,0.39571446180344,0.36815723776817,0.3752755522728,0.40276753902435,0.37088692188263,0.41140821576118,0.39928698539734,0.39771449565887,0.36758866906166,0.37214297056198,0.38121908903122,0.39574965834618,0.38035598397255,0.38915768265724,0.37551137804985,0.40218278765678,0.37134993076324,0.35996523499489,0.36829054355621,0.37410324811935,0.36080875992775,0.37164586782455,0.37020269036293,0.35835671424866,0.35557967424393,0.35804575681686,0.36460444331169,0.34799143671989,0.37437492609024,0.37710344791412,0.36243066191673,0.37793132662773,0.39243417978287,0.38851472735405,0.3924643099308,0.41354238986969,0.37995618581772,0.37743526697159,0.3943974673748,0.377645611763,0.40668484568596,0.40546348690987,0.41138398647308,0.38142660260201,0.39497902989388,0.39678561687469,0.40625,0.37419217824936,0.39191851019859,0.39087533950806,0.3685011267662,0.37820500135422,0.3714691400528,0.37604838609695,0.3419431746006,0.35925805568695,0.3622884452343,0.35678413510323,0.36628833413124,0.37858176231384,0.36949580907822,0.37053996324539,0.37000843882561,0.36740323901176,0.38605383038521,0.38144022226334,0.3657748401165,0.38812899589539,0.37591242790222,0.34551346302032,0.37200251221657,0.3537457883358,0.37206360697746,0.36535531282425,0.37425571680069,0.37166473269463,0.35774397850037,0.36362609267235,0.36049675941467,0.35472396016121,0.3559638261795,0.38373929262161,0.362738519907,0.37720641493797,0.3676301240921,0.3721724152565,0.36845847964287,0.36008450388908,0.36174285411835,0.35504394769669,0.37693604826927,0.37944030761719,0.38233223557472,0.38429480791092,0.38262605667114,0.38288605213165,0.39990976452827,0.37263715267181,0.39257207512856,0.36166241765022,0.39621838927269,0.41250768303871,0.36377942562103,0.37804996967316,0.37016889452934,0.37027531862259,0.35660964250565,0.37603744864464,0.37639239430428,0.35881495475769,0.39679846167564,0.35825031995773,0.34263211488724,0.37853395938873,0.38274541497231,0.39781722426414,0.38718149065971,0.35830518603325,0.36686316132545,0.3763333261013,0.37206038832664,0.35867387056351,0.36445182561874,0.38686585426331,0.40302208065987,0.39329209923744,0.38936805725098,0.40633258223534,0.39840716123581,0.38955816626549,0.3817243874073,0.38108167052269,0.38063609600067,0.37097296118736,0.38902500271797,0.37947314977646,0.56125444173813,0.3624042570591,0.3919683098793,0.36737695336342,0.37364989519119,0.37517315149307,0.37427943944931,0.3982854783535,0.3795308470726,0.4048824608326,0.38542056083679,0.39099949598312,0.39015313982964,0.40718868374825,0.37659579515457,0.3574506342411,0.37854278087616,0.36096495389938,0.39510756731033,0.38960862159729,0.38582193851471,0.35058227181435,0.34629935026169,0.3465411067009,0.34475556015968,0.35534179210663,0.36952808499336,0.3641728758812,0.38571217656136,0.39094090461731,0.37275472283363,0.35285910964012,0.3810838162899,0.39103543758392,0.3879733979702,0.38340985774994,0.38336953520775,0.37319713830948,0.37475600838661,0.3428915143013,0.37414094805717,0.3894789814949,0.36594697833061,0.40451788902283,0.38288885354996,0.38758659362793,0.38290145993233,0.3939414024353,0.39276069402695,0.42866557836533,0.39463621377945,0.37399476766586,0.37752932310104,0.36046499013901,0.38944211602211,0.3702240884304,0.37628266215324,0.51575130224228,0.38864797353745,0.38475608825684,0.37975776195526,0.38041123747826,0.37777522206306,0.36683452129364,0.3859124481678,0.39751827716827,0.40444159507751,0.40842464566231,0.37610006332397,0.36314731836319,0.37038764357567,0.36554962396622,0.3809110224247,0.3806968331337,0.38487875461578,0.38186112046242,0.38411214947701,0.36410844326019,0.35458520054817,0.34937000274658,0.34597167372704,0.37627241015434,0.39193952083588,0.3803713619709,0.37510600686073,0.38517606258392,0.38119801878929,0.37550410628319,0.37478792667389,0.36898875236511,0.35506555438042,0.38551330566406,0.35631969571114,0.37889277935028,0.3752353489399,0.37857675552368,0.37125089764595,0.39287531375885,0.40795987844467,0.38970991969109,0.37469288706779,0.38580995798111,0.3982800245285,0.39027187228203,0.38686266541481,0.39794951677322,0.36442920565605,0.39952003955841,0.36461049318314,0.37621304392815,0.4025514125824,0.37108334898949,0.41498208045959,0.40046244859695,0.40250331163406,0.36630499362946,0.36242765188217,0.37745034694672,0.39785012602806,0.38148191571236,0.38414826989174,0.37910303473473,0.39256954193115,0.37623718380928,0.36201184988022,0.36844751238823,0.37814593315125,0.36318907141685,0.37154448032379,0.37170028686523,0.36354577541351,0.35372930765152,0.35637325048447,0.36899629235268,0.35337772965431,0.37736266851425,0.38918593525887,0.36602413654327,0.38732722401619,0.39378070831299,0.39306563138962,0.39192539453506,0.41690540313721,0.38937160372734,0.37803894281387,0.39962515234947,0.38218680024147,0.40760296583176,0.41647928953171,0.41339555382729,0.38439452648163,0.40105763077736,0.39718621969223,0.40978229045868,0.37791484594345,0.39815336465836,0.39002472162247,0.37226983904839,0.37761726975441,0.37774842977524,0.38371601700783,0.33792397379875,0.37007829546928,0.36174690723419,0.35633319616318,0.3732687830925,0.38180249929428,0.37448433041573,0.36726456880569,0.37003573775291,0.37227648496628,0.38756000995636,0.3871097266674,0.36444202065468,0.39248198270798,0.37697422504425,0.34324634075165,0.37628024816513,0.35918867588043,0.37526112794876,0.36688339710236,0.37856709957123,0.37869915366173,