{"i":1000,"val_loss_history":[0.86483007272085],"val_loss_history_it":[1000],"forward_backward_times":{},"opt":{"max_epochs":150,"checkpoint_every":1000,"batch_size":50,"memory_benchmark":0,"init_from":"","grad_clip":5,"model_type":"lstm","lr_decay_every":5,"print_every":1,"wordvec_size":128,"seq_length":500,"input_json":"latex-gen\/data\/corpus_check\/latex_corpus_check.json","num_layers":4,"input_h5":"latex-gen\/data\/corpus_check\/latex_corpus_check.h5","reset_iterations":1,"rnn_size":512,"dropout":0.5,"checkpoint_name":"latex-gen\/data\/checkpoints\/20190725_0341\/checkpoints\/checkpoint","batchnorm":0,"learning_rate":0.002,"speed_benchmark":0,"gpu_backend":"cuda","lr_decay_factor":0.7,"gpu":0},"train_loss_history":[4.4002232551575,3.5945839881897,3.1111876964569,2.9778518676758,2.995374917984,2.9273388385773,2.9550065994263,2.9619941711426,2.9737362861633,2.967942237854,2.9759569168091,2.9603996276855,2.9646852016449,2.9781696796417,2.9785625934601,2.9555788040161,2.9444146156311,2.9356186389923,2.9642677307129,2.9289815425873,2.9405708312988,2.9224855899811,2.9529991149902,2.9242577552795,2.8850495815277,2.9272196292877,2.8926091194153,2.8982236385345,2.9437794685364,2.9319305419922,2.9563271999359,2.9297325611115,2.932023525238,2.9347229003906,2.9266412258148,2.8600790500641,2.8742597103119,2.8636758327484,2.8875105381012,2.8607134819031,2.8531441688538,2.8713691234589,2.8426826000214,2.849160194397,2.8651163578033,2.8525202274323,2.8706390857697,2.8607490062714,2.9125294685364,2.9359197616577,2.9233312606812,2.9465408325195,2.960725069046,2.9214019775391,2.8832938671112,2.8953256607056,2.8650524616241,2.8843922615051,2.8829274177551,2.9266111850739,2.8863422870636,2.9081058502197,2.8594822883606,2.8812234401703,2.9148111343384,2.8413338661194,2.8284819126129,2.7975044250488,2.7733721733093,2.7316818237305,2.703803062439,2.6438188552856,2.5955073833466,2.6064479351044,2.5403776168823,2.5116577148438,2.4641256332397,2.5342955589294,2.400102853775,2.3832578659058,2.3993797302246,2.4198665618896,2.3734920024872,2.3277139663696,2.308492898941,2.2844812870026,2.3365824222565,2.3162415027618,2.2883703708649,2.2905457019806,2.2394697666168,2.2223889827728,2.1932396888733,2.1715378761292,2.1636016368866,2.1772344112396,2.1541693210602,2.1528196334839,2.1662847995758,2.1478073596954,2.1588604450226,2.1208469867706,2.1531472206116,2.149505853653,2.1067192554474,2.1225318908691,2.1075141429901,2.1170420646667,2.0596582889557,2.0289022922516,2.0811986923218,2.0419220924377,2.076988697052,2.0713286399841,2.0636503696442,2.0465745925903,2.0557422637939,2.0351984500885,2.0399143695831,2.0355327129364,2.0143730640411,2.0063688755035,2.0247194766998,2.0103566646576,1.9828524589539,1.9783226251602,1.9717119932175,1.9460186958313,1.9665006399155,1.9750181436539,1.9774614572525,1.9631519317627,1.991176366806,1.9320629835129,1.9273257255554,1.9487555027008,1.9516795873642,1.9381633996964,1.9500735998154,1.943230509758,1.9544235467911,1.9383769035339,1.9826366901398,1.9272766113281,1.9544757604599,1.9719599485397,1.9228681325912,1.9500023126602,1.9440522193909,1.935120344162,1.948068022728,1.9479564428329,1.9258836507797,1.9333382844925,1.8974390029907,1.9131953716278,1.9279314279556,1.8985990285873,1.9340122938156,1.8772010803223,1.9207748174667,1.8620918989182,1.8344787359238,1.8392997980118,1.8195964097977,1.8515313863754,1.8129087686539,1.7809793949127,1.7862768173218,1.8333795070648,1.8118805885315,1.8188219070435,1.782714009285,1.7644165754318,1.7677391767502,1.7385588884354,1.7277526855469,1.7440205812454,1.7397671937943,1.716224193573,1.7041560411453,1.7444660663605,1.736826300621,1.6779795885086,1.7252705097198,1.7542715072632,1.7313561439514,1.7103321552277,1.7240842580795,1.702800154686,1.6763834953308,1.6688754558563,1.6965535879135,1.7116768360138,1.679739356041,1.6386597156525,1.66352891922,1.6780754327774,1.6799097061157,1.6899727582932,1.633994102478,1.6561172008514,1.6255017518997,1.6955429315567,1.6517381668091,1.6501215696335,1.6287487745285,1.6406064033508,1.6374163627625,1.579807639122,1.5948046445847,1.5670533180237,1.5694707632065,1.5545980930328,1.5648952722549,1.5984612703323,1.5492461919785,1.5720225572586,1.5452182292938,1.5301055908203,1.5539932250977,1.5352380275726,1.5904713869095,1.5606333017349,1.4815480709076,1.5349470376968,1.5427876710892,1.557764172554,1.55905854702,1.5079084634781,1.5285595655441,1.5292235612869,1.4775154590607,1.5240224599838,1.5510090589523,1.5535629987717,1.5304805040359,1.5262475013733,1.5285837650299,1.4806085824966,1.440536737442,1.5032757520676,1.4851893186569,1.4984828233719,1.450404882431,1.4676169157028,1.4353454113007,1.4594317674637,1.4261741638184,1.4369127750397,1.4677995443344,1.5010982751846,1.515796661377,1.4737238883972,1.5194065570831,1.5150272846222,1.5131540298462,1.4675673246384,1.4509190320969,1.4685326814651,1.4201815128326,1.4584583044052,1.4334036111832,1.4197107553482,1.3952592611313,1.3922740221024,1.3815515041351,1.3388228416443,1.3879477977753,1.3695027828217,1.3680067062378,1.4232238531113,1.4402484893799,1.3780212402344,1.3699606657028,1.4302364587784,1.4050166606903,1.4283443689346,1.3729627132416,1.401219367981,1.3511741161346,1.3816837072372,1.3104164600372,1.3566303253174,1.4017527103424,1.36481153965,1.389959692955,1.3582235574722,1.3603104352951,1.3784559965134,1.3611652851105,1.3893672227859,1.4712105989456,1.4210125207901,1.3660148382187,1.385283946991,1.4050319194794,1.3623312711716,1.3205622434616,1.3519442081451,1.3464567661285,1.3664960861206,1.3580737113953,1.3335223197937,1.3347334861755,1.3333443403244,1.3285545110703,1.3457624912262,1.3842828273773,1.3611557483673,1.358234167099,1.3149001598358,1.3260581493378,1.3564423322678,1.3537056446075,1.3684430122375,1.3548686504364,1.3623274564743,1.3355798721313,1.3163123130798,1.3441760540009,1.2993575334549,1.2780616283417,1.3132742643356,1.3634312152863,1.3461973667145,1.3160160779953,1.3264940977097,1.2976208925247,1.3300012350082,1.2990820407867,1.2890501022339,1.3012912273407,1.2680014371872,1.3006153106689,1.2722854614258,1.3076070547104,1.2979915142059,1.3168594837189,1.2842005491257,1.2972515821457,1.3038730621338,1.3304722309113,1.303190112114,1.2946780920029,1.347084403038,1.3511527776718,1.3216915130615,1.3303942680359,1.2682952880859,1.3305398225784,1.2566952705383,1.2884523868561,1.3046123981476,1.2684675455093,1.3281126022339,1.3027882575989,1.3195668458939,1.2491443157196,1.2654571533203,1.2781739234924,1.2728954553604,1.2351528406143,1.2479953765869,1.2218806743622,1.2785625457764,1.2147566080093,1.1964830160141,1.24238717556,1.226099729538,1.2118806838989,1.2234708070755,1.2209023237228,1.2105202674866,1.1745170354843,1.2353990077972,1.2125829458237,1.1816130876541,1.1969590187073,1.2042751312256,1.2055065631866,1.2299135923386,1.2424165010452,1.2575260400772,1.2637921571732,1.2700756788254,1.2217911481857,1.2488033771515,1.257516503334,1.2166295051575,1.2293776273727,1.2618783712387,1.243829369545,1.2567236423492,1.2376645803452,1.2455674409866,1.2623165845871,1.1949362754822,1.2156533002853,1.2219679355621,1.1975840330124,1.2291865348816,1.1912813186646,1.2211055755615,1.1603436470032,1.1780158281326,1.1902160644531,1.171213388443,1.1990213394165,1.1933952569962,1.1653856039047,1.1598081588745,1.1860010623932,1.2009700536728,1.2176719903946,1.185461640358,1.1378712654114,1.1865065097809,1.1805033683777,1.1647171974182,1.1626430749893,1.1561876535416,1.1481434106827,1.1494154930115,1.1680711507797,1.1982684135437,1.1448355913162,1.1624858379364,1.1627892255783,1.1558425426483,1.1571177244186,1.2080022096634,1.1660463809967,1.1749578714371,1.1597337722778,1.1668671369553,1.1698467731476,1.1377154588699,1.12191593647,1.1299320459366,1.1678150892258,1.1466575860977,1.1729125976562,1.1596491336823,1.1622384786606,1.1686522960663,1.2149863243103,1.1767112016678,1.149173617363,1.1422643661499,1.1523096561432,1.1814895868301,1.1057711839676,1.1411463022232,1.132493019104,1.1047074794769,1.0829476118088,