{"i":37000,"val_loss_history":[0.45605217814445],"val_loss_history_it":[37000],"forward_backward_times":{},"opt":{"max_epochs":350,"checkpoint_every":1000,"batch_size":50,"memory_benchmark":0,"init_from":"latex-gen\/data\/checkpoints\/20190725_0341\/checkpoints\/checkpoint_36450.t7","grad_clip":5,"model_type":"lstm","lr_decay_every":5,"print_every":1,"wordvec_size":64,"seq_length":500,"input_json":"latex-gen\/data\/corpus_check\/latex_corpus_check.json","num_layers":2,"input_h5":"latex-gen\/data\/corpus_check\/latex_corpus_check.h5","reset_iterations":0,"rnn_size":128,"dropout":0,"checkpoint_name":"latex-gen\/data\/checkpoints\/20190725_0341\/checkpoints\/checkpoint","batchnorm":0,"learning_rate":0.002,"speed_benchmark":0,"gpu_backend":"cuda","lr_decay_factor":0.5,"gpu":0},"train_loss_history":[0.57342320680618,0.47920817136765,0.49006882309914,0.44426399469376,0.44749829173088,0.43445816636086,0.42985731363297,0.46992942690849,0.44404104351997,0.47799921035767,0.4471161365509,0.46499437093735,0.45798230171204,0.47212934494019,0.43896925449371,0.41270184516907,0.43404307961464,0.41566056013107,0.45847448706627,0.44966506958008,0.44593903422356,0.40745359659195,0.39101350307465,0.39743036031723,0.39217793941498,0.41008457541466,0.4255373775959,0.41480824351311,0.43947604298592,0.44461837410927,0.42236620187759,0.40397211909294,0.43958678841591,0.43808990716934,0.4275811612606,0.42345967888832,0.43145498633385,0.41743358969688,0.4190921485424,0.38256332278252,0.41845390200615,0.44194132089615,0.41815203428268,0.45463413000107,0.42387250065804,0.43390887975693,0.4304019510746,0.43245235085487,0.43670856952667,0.46789589524269,0.43874782323837,0.41670125722885,0.42612788081169,0.42310586571693,0.44042313098907,0.42297172546387,0.41704219579697,0.3996984064579,0.40875869989395,0.42822074890137,0.42332714796066,0.42960172891617,0.42301815748215,0.40721407532692,0.42729601264,0.4426931142807,0.44903960824013,0.45189043879509,0.42748403549194,0.41400274634361,0.41888561844826,0.41234090924263,0.42864954471588,0.42593520879745,0.43049734830856,0.43474218249321,0.43297988176346,0.40967440605164,0.40861186385155,0.39589723944664,0.39384016394615,0.42290031909943,0.44535559415817,0.42948991060257,0.42314288020134,0.43000569939613,0.42857706546783,0.41522905230522,0.41693842411041,0.41798043251038,0.40537881851196,0.4414202272892,0.40296915173531,0.42987948656082,0.42593622207642,0.42596489191055,0.41598528623581,0.44426426291466,0.44979599118233,0.43836721777916,0.42297101020813,0.42937475442886,0.4498627781868,0.44134399294853,0.43953019380569,0.45062610507011,0.41063985228539,0.4454939365387,0.41022139787674,0.4232671558857,0.45700255036354,0.42016270756721,0.46199995279312,0.44897335767746,0.45309674739838,0.40879315137863,0.41616281867027,0.43017691373825,0.44875547289848,0.4279970228672,0.43200647830963,0.43344950675964,0.45474347472191,0.41849327087402,0.40950304269791,0.4161305129528,0.42526000738144,0.40738824009895,0.42072305083275,0.42075499892235,0.40690159797668,0.40252819657326,0.40905219316483,0.41991460323334,0.3916871547699,0.41923516988754,0.4377209842205,0.41176405549049,0.43196937441826,0.44686129689217,0.43907532095909,0.44034937024117,0.47405701875687,0.43646937608719,0.42654433846474,0.44830626249313,0.42685917019844,0.46184730529785,0.46149733662605,0.466882199049,0.43223291635513,0.44197550415993,0.45066574215889,0.45729327201843,0.42091700434685,0.44084742665291,0.43888247013092,0.4156993329525,0.42259237170219,0.41892945766449,0.42859905958176,0.38493070006371,0.41774216294289,0.41043096780777,0.4059671163559,0.41705414652824,0.43304282426834,0.43018320202827,0.41670873761177,0.41273340582848,0.41902777552605,0.44582948088646,0.43149670958519,0.4101896584034,0.43819519877434,0.42027172446251,0.39727285504341,0.42654925584793,0.40642076730728,0.42350128293037,0.41171225905418,0.41860347986221,0.42382803559303,0.40987402200699,0.414999127388,0.41107112169266,0.40891540050507,0.41383278369904,0.43787750601768,0.41462668776512,0.43443846702576,0.4276909828186,0.43047708272934,0.41700139641762,0.40723326802254,0.41112977266312,0.39593210816383,0.43329495191574,0.42841815948486,0.43572500348091,0.44074890017509,0.43363124132156,0.43058624863625,0.45035561919212,0.42885625362396,0.4473580121994,0.41372391581535,0.44304341077805,0.45952308177948,0.42656373977661,0.43003484606743,0.41570475697517,0.41499391198158,0.40296280384064,0.42491438984871,0.43245729804039,0.40475484728813,0.45112323760986,0.4115529358387,0.40163043141365,0.44230231642723,0.42835241556168,0.44632291793823,0.43464526534081,0.40877097845078,0.4195474088192,0.42936018109322,0.41211718320847,0.41521829366684,0.40823471546173,0.42504066228867,0.45089644193649,0.44644856452942,0.44078531861305,0.45039290189743,0.44685640931129,0.44435834884644,0.4337637424469,0.43143531680107,0.43152442574501,0.41494062542915,0.44482472538948,0.51670962572098,0.64459854364395,0.4166094660759,0.45626264810562,0.44027602672577,0.43756860494614,0.43146160244942,0.43059024214745,0.46074840426445,0.43480694293976,0.47352129220963,0.44685229659081,0.45624801516533,0.45108413696289,0.47670114040375,0.43579792976379,0.41497984528542,0.43344897031784,0.41964969038963,0.45652663707733,0.44906914234161,0.44165694713593,0.40288597345352,0.39262050390244,0.39368316531181,0.3916400372982,0.4038405418396,0.42746084928513,0.41463428735733,0.4400660097599,0.44347834587097,0.41660046577454,0.40423753857613,0.42954862117767,0.43899801373482,0.43490242958069,0.42569252848625,0.43260809779167,0.42632368206978,0.42337331175804,0.389722853899,0.4240186214447,0.44378200173378,0.42010477185249,0.45228061079979,0.4284393787384,0.43616566061974,0.43400460481644,0.43978780508041,0.43570473790169,0.4756726026535,0.44113755226135,0.42252296209335,0.42714726924896,0.42491242289543,0.43543738126755,0.41162955760956,0.41807496547699,0.39942049980164,0.41452285647392,0.42169749736786,0.42028993368149,0.4299678504467,0.41854101419449,0.40615373849869,0.42970335483551,0.43898069858551,0.45069417357445,0.45481577515602,0.42284649610519,0.41095796227455,0.41590604186058,0.41025492548943,0.42248070240021,0.42644554376602,0.43348613381386,0.4303925037384,0.43523374199867,0.41297107934952,0.40658941864967,0.39657887816429,0.39893820881844,0.42340898513794,0.44546037912369,0.43160253763199,0.4243691265583,0.42709758877754,0.43338891863823,0.41155949234962,0.4201268851757,0.41632175445557,0.40310519933701,0.43346813321114,0.40100461244583,0.42876189947128,0.42261418700218,0.42309284210205,0.41795492172241,0.43993297219276,0.44888606667519,0.44066593050957,0.4223672747612,0.43028807640076,0.44814741611481,0.44101059436798,0.43323773145676,0.44926717877388,0.40634068846703,0.45251652598381,0.41045787930489,0.42596545815468,0.44686186313629,0.4220764040947,0.45817703008652,0.44746574759483,0.45153465867043,0.41694462299347,0.41678902506828,0.43074110150337,0.44766536355019,0.42376288771629,0.42824128270149,0.43328541517258,0.450239777565,0.41551002860069,0.40373313426971,0.41459366679192,0.43017879128456,0.40832170844078,0.41358956694603,0.42027539014816,0.40646028518677,0.39674797654152,0.40730541944504,0.41172480583191,0.39060625433922,0.42722183465958,0.43027174472809,0.4094201028347,0.43410301208496,0.44038125872612,0.43327894806862,0.44188061356544,0.46658053994179,0.43160399794579,0.42737004160881,0.44639202952385,0.42549422383308,0.45632386207581,0.45721262693405,0.46299237012863,0.42524653673172,0.44046780467033,0.43933913111687,0.4585930109024,0.42129749059677,0.44854989647865,0.43510636687279,0.41688704490662,0.42297300696373,0.41607567667961,0.41848760843277,0.38702675700188,0.41466429829597,0.40383633971214,0.40181192755699,0.41473272442818,0.43065705895424,0.42238348722458,0.41493585705757,0.41703483462334,0.41779074072838,0.43668299913406,0.42629817128181,0.40554934740067,0.43784460425377,0.42314672470093,0.38812899589539,0.4200681746006,0.4006575345993,0.42220434546471,0.40928077697754,0.41748774051666,0.41821199655533,