{"i":211000,"val_loss_history":[0.57369272761081],"val_loss_history_it":[211000],"forward_backward_times":{},"opt":{"max_epochs":250,"checkpoint_every":1000,"batch_size":50,"memory_benchmark":0,"init_from":"latex-gen\/data\/checkpoints\/20190714_2115\/checkpoints\/checkpoint_210000.t7","grad_clip":5,"model_type":"lstm","lr_decay_every":5,"print_every":1,"wordvec_size":64,"seq_length":500,"input_json":"latex-gen\/data\/combined_processed.json","num_layers":2,"input_h5":"latex-gen\/data\/combined_processed.h5","reset_iterations":0,"rnn_size":128,"dropout":0,"checkpoint_name":"latex-gen\/data\/checkpoints\/20190714_2115\/checkpoints\/checkpoint","batchnorm":0,"learning_rate":0.002,"speed_benchmark":0,"gpu_backend":"cuda","lr_decay_factor":0.5,"gpu":0},"train_loss_history":[0.61887884140015,0.59699726104736,0.58855092525482,0.63293951749802,0.57426643371582,0.59715831279755,0.58875948190689,0.56927782297134,0.59565192461014,0.57229286432266,0.56852853298187,0.61212366819382,0.61806517839432,0.62119174003601,0.59211754798889,0.59286439418793,0.59901708364487,0.57396650314331,0.59921282529831,0.63815748691559,0.58488017320633,0.60043257474899,0.59019523859024,0.59055304527283,0.61014485359192,0.61429756879807,0.61103737354279,0.61635708808899,0.61600595712662,0.58016467094421,0.61474233865738,0.61434227228165,0.60256487131119,0.57532036304474,0.59648877382278,0.60675609111786,0.58168268203735,0.57287365198135,0.58415114879608,0.5959158539772,0.61486512422562,0.60983318090439,0.60944384336472,0.60546791553497,0.58518379926682,0.5644856095314,0.57647955417633,0.59015536308289,0.5991228222847,0.59392577409744,0.6117724776268,0.6003343462944,0.61458492279053,0.58701986074448,0.63037317991257,0.59948474168777,0.59606021642685,0.61414432525635,0.60796695947647,0.57896363735199,0.60694056749344,0.60005348920822,0.6092581152916,0.58918577432632,0.5890771150589,0.59766864776611,0.60055351257324,0.60853785276413,0.61255532503128,0.61588400602341,0.60296708345413,0.58809369802475,0.59756308794022,0.59778785705566,0.58617955446243,0.6299586892128,0.57333743572235,0.62448889017105,0.60956245660782,0.61607581377029,0.57916939258575,0.57749950885773,0.60371178388596,0.62269800901413,0.61408787965775,0.59895694255829,0.62319183349609,0.59854811429977,0.58478212356567,0.57339233160019,0.63094478845596,0.56748968362808,0.59096950292587,0.61704975366592,0.59344148635864,0.58683490753174,0.60400235652924,0.59754747152328,0.60328412055969,0.59041088819504,0.59082478284836,0.61670643091202,0.60190087556839,0.62847131490707,0.59814691543579,0.60778367519379,0.62062853574753,0.60931485891342,0.58355104923248,0.62405842542648,0.59602892398834,0.57849127054214,0.57096934318542,0.57608354091644,0.57995450496674,0.60479533672333,0.5960322022438,0.59178137779236,0.63252198696136,0.58714956045151,0.58198875188828,0.56407189369202,0.60734313726425,0.66300290822983,0.61544263362885,0.60086244344711,0.57322180271149,0.62325990200043,0.58391082286835,0.60607010126114,0.60703498125076,0.64567577838898,0.59453290700912,0.62981623411179,0.60630869865417,0.59411418437958,0.61738461256027,0.57770043611526,0.5968114733696,0.62104165554047,0.59824389219284,0.59751212596893,0.62857908010483,0.58609050512314,0.60316121578217,0.60874193906784,0.61363518238068,0.61091691255569,0.59699237346649,0.59394788742065,0.61678892374039,0.58057677745819,0.58158069849014,0.61000317335129,0.60948139429092,0.61798638105392,0.65332496166229,0.59824556112289,0.59053069353104,0.59008198976517,0.60494256019592,0.58712840080261,0.61756181716919,0.61367529630661,0.60872399806976,0.58545315265656,0.59430736303329,0.5807757973671,0.60498297214508,0.61022818088531,0.61181300878525,0.57180941104889,0.61136794090271,0.61722820997238,0.59887397289276,0.57453751564026,0.60939198732376,0.63190716505051,0.56702876091003,0.58838820457458,0.57655853033066,0.61061751842499,0.59011691808701,0.5816091299057,0.60056853294373,0.58640813827515,0.62330609560013,0.59419631958008,0.63857465982437,0.61571896076202,0.59415179491043,0.63957560062408,0.60042852163315,0.64075464010239,0.62928092479706,0.59384107589722,0.62239992618561,0.61887317895889,0.60713064670563,0.59272760152817,0.60722327232361,0.60104864835739,0.57476079463959,0.59310036897659,0.60986965894699,0.6201611161232,0.59808415174484,0.62298822402954,0.61205857992172,0.6143017411232,0.59555506706238,0.58668029308319,0.58054268360138,0.6095010638237,0.59605103731155,0.61971145868301,0.59279346466064,0.60987484455109,0.60798752307892,0.58564990758896,0.61593264341354,0.59568309783936,0.62579619884491,0.59000307321548,0.60124689340591,0.61175483465195,0.5965564250946,0.58587807416916,0.58784264326096,0.58214467763901,0.6215905547142,0.61390650272369,0.60490602254868,0.58746588230133,0.61940515041351,0.61382579803467,0.57120954990387,0.58475911617279,0.58505141735077,0.57310771942139,0.5706815123558,0.6006828546524,0.60502517223358,0.59647881984711,0.60446155071259,0.63290554285049,0.59728014469147,0.6108985543251,0.61874067783356,0.61601233482361,0.62756586074829,0.60485857725143,0.63309216499329,0.60850512981415,0.57398188114166,0.59501498937607,0.57746028900146,0.61294627189636,0.59766662120819,0.59364104270935,0.61268591880798,0.61668241024017,0.62695705890656,0.59205114841461,0.6133975982666,0.58455884456635,0.60123920440674,0.64139264822006,0.60118836164474,0.58948111534119,0.60502153635025,0.63738518953323,0.62894439697266,0.62762862443924,0.62972146272659,0.60300356149673,0.64198708534241,0.57581835985184,0.59885424375534,0.63553428649902,0.61437964439392,0.58633202314377,0.57974779605865,0.5985916852951,0.63792926073074,0.59670007228851,0.60430377721786,0.62353724241257,0.58958220481873,0.62836271524429,0.64158338308334,0.61340397596359,0.59584599733353,0.57374894618988,0.57780057191849,0.59335690736771,0.6271824836731,0.63741981983185,0.57943099737167,0.59947633743286,0.59739166498184,0.57376849651337,0.59871572256088,0.62016254663467,0.6052263379097,0.62773907184601,0.61470329761505,0.60201281309128,0.61147671937943,0.63156527280807,0.6129025220871,0.61086004972458,0.59926044940948,0.60434931516647,0.58946174383163,0.62922900915146,0.6288149356842,0.61028915643692,0.60640102624893,0.58933955430984,0.59326392412186,0.57685220241547,0.62287735939026,0.60781878232956,0.63401567935944,0.61651676893234,0.64427411556244,0.58906006813049,0.62868821620941,0.60140132904053,0.63192635774612,0.61711579561234,0.58266770839691,0.61001056432724,0.59821170568466,0.65053313970566,0.61678618192673,0.62184184789658,0.63550263643265,0.60401737689972,0.62446939945221,0.60035079717636,0.60189986228943,0.58348977565765,0.63694822788239,0.58628708124161,0.61438274383545,0.6483656167984,0.60263162851334,0.62776356935501,0.62627774477005,0.59421271085739,0.60654646158218,0.59524357318878,0.58527916669846,0.60299390554428,0.60996931791306,0.63736182451248,0.62012231349945,0.61118590831757,0.5839518904686,0.63529020547867,0.59767729043961,0.60181909799576,0.6260170340538,0.61964732408524,0.61070662736893,0.61093521118164,0.63212794065475,0.61816942691803,0.59638327360153,0.62434053421021,0.6027010679245,0.60535317659378,0.62672483921051,0.59486365318298,0.5821949839592,0.6048321723938,0.64066928625107,0.61522930860519,0.60929411649704,0.61095404624939,0.60384041070938,0.61118239164352,0.61638396978378,0.57527381181717,0.58125120401382,0.61607712507248,0.61095541715622,0.61754107475281,0.55689340829849,0.59631907939911,0.60193991661072,0.61950129270554,0.61665284633636,0.60550719499588,0.59800934791565,0.59922057390213,0.61275625228882,0.59749084711075,0.5927015542984,0.58748751878738,0.61041367053986,0.6156405210495,0.5911266207695,0.58946645259857,0.60329002141953,0.61973679065704,0.61992782354355,0.60779666900635,0.59192156791687,0.61043554544449,0.62425953149796,0.61334758996964,0.6382303237915,0.60587233304977,0.59740197658539,0.63251900672913,0.58620947599411,0.57195544242859,0.60043185949326,0.57788652181625,0.60184931755066,0.6126863360405,0.62572252750397,0.6072364449501,