{"i":1000,"val_loss_history":[0.9153377041564],"val_loss_history_it":[1000],"forward_backward_times":{},"opt":{"max_epochs":250,"checkpoint_every":1000,"batch_size":50,"memory_benchmark":0,"init_from":"","grad_clip":5,"model_type":"lstm","lr_decay_every":5,"print_every":1,"wordvec_size":256,"seq_length":500,"input_json":"latex-gen\/data\/combined_processed.json","num_layers":4,"input_h5":"latex-gen\/data\/combined_processed.h5","reset_iterations":1,"rnn_size":512,"dropout":0.5,"checkpoint_name":"latex-gen\/data\/checkpoints\/20190714_2115\/checkpoints\/checkpoint","batchnorm":0,"learning_rate":0.002,"speed_benchmark":0,"gpu_backend":"cuda","lr_decay_factor":0.7,"gpu":0},"train_loss_history":[4.8275947570801,4.0359554290771,3.2391314506531,3.1735696792603,2.9919781684875,3.0410108566284,3.0762696266174,2.99174284935,3.0061738491058,3.011237859726,2.9710500240326,2.9767055511475,2.9623444080353,2.997909784317,2.9878575801849,2.95756316185,2.9722669124603,2.9502444267273,2.9698896408081,2.9634065628052,2.942510843277,2.9464259147644,2.9536302089691,2.9521460533142,2.9543294906616,2.9594533443451,2.9418053627014,2.9555983543396,2.9635078907013,2.9317221641541,2.9473700523376,2.928423166275,2.9217703342438,2.9242310523987,2.939178943634,2.9106681346893,2.9331905841827,2.9428105354309,2.9681453704834,2.9451355934143,2.9358141422272,2.9562797546387,2.9637062549591,2.9392392635345,2.9299471378326,2.9254765510559,2.9294321537018,2.9090130329132,2.9146308898926,2.9247443675995,2.9464638233185,2.9283032417297,2.9385468959808,2.9314494132996,2.926775932312,2.9334104061127,2.9334824085236,2.9462518692017,2.9398074150085,2.9330947399139,2.9261219501495,2.9049596786499,2.9199390411377,2.9293696880341,2.9279515743256,2.9315502643585,2.9152414798737,2.9534997940063,2.9354405403137,2.924468755722,2.9372713565826,2.9283063411713,2.9256010055542,2.9155962467194,2.9223010540009,2.9342513084412,2.9148902893066,2.9235997200012,2.9326617717743,2.9295971393585,2.8950881958008,2.8925008773804,2.9124040603638,2.8843669891357,2.8738603591919,2.8730139732361,2.8620419502258,2.81405377388,2.7862875461578,2.7405886650085,2.7096552848816,2.6625719070435,2.6414499282837,2.5648648738861,2.5501046180725,2.5356531143188,2.471287727356,2.4466807842255,2.4190897941589,2.3802182674408,2.3690683841705,2.3584961891174,2.3012204170227,2.3148736953735,2.3053977489471,2.2975268363953,2.2817580699921,2.248318195343,2.2380239963531,2.2353181838989,2.2117938995361,2.1803524494171,2.1730465888977,2.167980670929,2.1364529132843,2.183052778244,2.1595602035522,2.1139643192291,2.1373438835144,2.1277616024017,2.1383097171783,2.1154277324677,2.141791343689,2.145126581192,2.133003950119,2.155021905899,2.1128561496735,2.1047184467316,2.0994648933411,2.0992980003357,2.0949790477753,2.1220746040344,2.0929481983185,2.1360220909119,2.0895993709564,2.0769333839417,2.0870516300201,2.0921602249146,2.0974600315094,2.0661499500275,2.0636332035065,2.0790581703186,2.0933945178986,2.1129758358002,2.0583798885345,2.0500042438507,2.0668883323669,2.0427460670471,2.0673701763153,2.0229136943817,2.0774390697479,2.0314018726349,2.0225145816803,2.0198068618774,2.0264818668365,2.0490844249725,2.0595264434814,2.0112736225128,2.0097949504852,2.0205636024475,2.0167350769043,1.989973783493,2.0344676971436,2.0262196063995,2.0026295185089,2.0050144195557,1.9962265491486,1.9808484315872,1.9936282634735,2.0030353069305,1.9986585378647,1.9969507455826,1.9868361949921,2.0139377117157,1.9635329246521,1.9319981336594,1.9951608181,1.9710056781769,1.9422481060028,1.9822816848755,1.9481542110443,1.9491991996765,1.9338647127151,1.9354861974716,1.9541146755219,1.9345810413361,1.9665378332138,1.9341287612915,1.9434562921524,1.9454401731491,1.8940584659576,1.949790596962,1.932349562645,1.9533536434174,1.9350786209106,1.9396858215332,1.9402226209641,1.9209296703339,1.9125957489014,1.9162257909775,1.9351691007614,1.9011430740356,1.9051767587662,1.8881613016129,1.9096442461014,1.9163304567337,1.8728407621384,1.8928488492966,1.9012106657028,1.891190290451,1.9051094055176,1.8734837770462,1.8408540487289,1.8781363964081,1.8637645244598,1.874777674675,1.8810051679611,1.8843547105789,1.8558725118637,1.8540208339691,1.8573721647263,1.8520703315735,1.8690148591995,1.8613818883896,1.8507462739944,1.86840736866,1.834835767746,1.8315843343735,1.8347669839859,1.8062584400177,1.8124850988388,1.8163274526596,1.7849748134613,1.8243318796158,1.823758482933,1.803163766861,1.7907708883286,1.7993987798691,1.7712490558624,1.7659604549408,1.7684617042542,1.8081074953079,1.7613040208817,1.7484096288681,1.7388941049576,1.7411167621613,1.7554795742035,1.7306805849075,1.7523132562637,1.7012232542038,1.7606287002563,1.7429914474487,1.7601007223129,1.7042374610901,1.7005019187927,1.6848084926605,1.7180932760239,1.7050890922546,1.7237578630447,1.727934718132,1.7076246738434,1.6918783187866,1.6722550392151,1.660123705864,1.6660401821136,1.6260825395584,1.6818281412125,1.6724572181702,1.6852040290833,1.6329330205917,1.6465083360672,1.6451081037521,1.6457607746124,1.6460444927216,1.6613734960556,1.6375370025635,1.6378985643387,1.6107976436615,1.6423634290695,1.6497639417648,1.6307744979858,1.6026849746704,1.5810943841934,1.5947484970093,1.6568534374237,1.5843340158463,1.5979163646698,1.610364317894,1.5758681297302,1.6046084165573,1.6217445135117,1.560933470726,1.5733300447464,1.5471732616425,1.5211352109909,1.5465923547745,1.5480971336365,1.554279088974,1.5037831068039,1.5134394168854,1.5337649583817,1.5254201889038,1.5276846885681,1.5294767618179,1.5196508169174,1.5566842556,1.5119115114212,1.5166977643967,1.5152612924576,1.5392668247223,1.5176032781601,1.5137976408005,1.5121620893478,1.50406229496,1.4857478141785,1.499529004097,1.5057767629623,1.4938807487488,1.4965549707413,1.4705740213394,1.5022397041321,1.4824817180634,1.5324949026108,1.4984716176987,1.4991431236267,1.4713323116302,1.5100026130676,1.4337627887726,1.492802977562,1.4552958011627,1.4999493360519,1.4437631368637,1.4467638731003,1.4745066165924,1.4483859539032,1.5442870855331,1.482932806015,1.4519698619843,1.4570242166519,1.4467552900314,1.4880925416946,1.4733785390854,1.4215543270111,1.4137617349625,1.4700075387955,1.4143286943436,1.4347794055939,1.4534995555878,1.4276950359344,1.4473514556885,1.4312171936035,1.4080876111984,1.4316149950027,1.4163267612457,1.3748083114624,1.4118254184723,1.4007570743561,1.4642304182053,1.4195164442062,1.4102401733398,1.3628031015396,1.4138597249985,1.3822189569473,1.3788347244263,1.4243429899216,1.4269374608994,1.4036648273468,1.3857069015503,1.4089374542236,1.3903082609177,1.3552329540253,1.3817596435547,1.4041113853455,1.3775845766068,1.4018458127975,1.3664919137955,1.3946343660355,1.3637347221375,1.3859801292419,1.360231757164,1.3419318199158,1.3694936037064,1.3547691106796,1.3303411006927,1.371594786644,1.3217673301697,1.3119671344757,1.3388243913651,1.3193289041519,1.3298865556717,1.3294806480408,1.3410280942917,1.337109208107,1.3494812250137,1.3369462490082,1.3129957914352,1.3136066198349,1.2965806722641,1.3121585845947,1.3007214069366,1.3189345598221,1.3473204374313,1.3444440364838,1.3437302112579,1.3377089500427,1.2853466272354,1.3218170404434,1.3231608867645,1.2961159944534,1.3191909790039,1.2616604566574,1.2904578447342,1.3033417463303,1.3141920566559,1.3098526000977,1.2539315223694,1.3002701997757,1.303367972374,1.2471098899841,1.272225022316,1.299184679985,1.2882692813873,1.253312587738,1.2772020101547,1.2681492567062,1.2598773241043,1.2520387172699,1.2853869199753,1.243195772171,1.2681630849838,1.2663459777832,1.2752768993378,1.2628178596497,1.2569588422775,1.2538174390793,1.2336450815201,1.2315829992294,1.2185555696487,1.2632224559784,1.2690151929855,1.2615652084351,1.2248629331589,1.1989951133728,1.2480067014694,1.2169790267944,1.2403415441513,1.2138837575912,1.2620207071304,1.2595643997192,1.2305066585541,1.2235652208328,1.204380273819,1.1856025457382,1.2724509239197,1.2549595832825,1.2014716863632,1.258761882782,1.2413293123245,1.2053765058517,