{"i":122000,"val_loss_history":[0.58842840612209],"val_loss_history_it":[122000],"forward_backward_times":{},"opt":{"max_epochs":250,"checkpoint_every":1000,"batch_size":50,"memory_benchmark":0,"init_from":"latex-gen\/data\/checkpoints\/20190714_2115\/checkpoints\/checkpoint_121000.t7","grad_clip":5,"model_type":"lstm","lr_decay_every":5,"print_every":1,"wordvec_size":64,"seq_length":500,"input_json":"latex-gen\/data\/combined_processed.json","num_layers":2,"input_h5":"latex-gen\/data\/combined_processed.h5","reset_iterations":0,"rnn_size":128,"dropout":0,"checkpoint_name":"cv\/checkpoint","batchnorm":0,"learning_rate":0.002,"speed_benchmark":0,"gpu_backend":"cuda","lr_decay_factor":0.5,"gpu":0},"train_loss_history":[0.6365824341774,0.61387860774994,0.60842162370682,0.65040969848633,0.59874337911606,0.61498069763184,0.60735523700714,0.58913761377335,0.61655282974243,0.58824992179871,0.58277016878128,0.62985235452652,0.6354632973671,0.63792407512665,0.61540931463242,0.61994457244873,0.61815959215164,0.59359776973724,0.61741936206818,0.65082669258118,0.60386520624161,0.61270040273666,0.60382920503616,0.6078268289566,0.62594997882843,0.6345779299736,0.62581771612167,0.63782608509064,0.63789588212967,0.59341937303543,0.63426280021667,0.63262677192688,0.63042157888412,0.59626650810242,0.61897867918015,0.62937355041504,0.60317248106003,0.59582775831223,0.60381281375885,0.61851966381073,0.63133996725082,0.62964951992035,0.62735378742218,0.62272763252258,0.6059462428093,0.58356809616089,0.59066158533096,0.61051750183105,0.62034225463867,0.61166048049927,0.63124746084213,0.62058961391449,0.62903702259064,0.60887110233307,0.65254294872284,0.62027889490128,0.61280089616776,0.63268268108368,0.62328344583511,0.59472644329071,0.62642252445221,0.62436699867249,0.62759798765182,0.60980087518692,0.60906714200974,0.62136310338974,0.61628866195679,0.6303545832634,0.63455563783646,0.63590258359909,0.62400102615356,0.60529714822769,0.61486941576004,0.62525475025177,0.6021084189415,0.64370638132095,0.59409338235855,0.64990484714508,0.61956596374512,0.63646566867828,0.59515833854675,0.58856666088104,0.62092196941376,0.64043653011322,0.62816989421844,0.61908674240112,0.64128065109253,0.62381273508072,0.60075587034225,0.5950733423233,0.64976191520691,0.58544826507568,0.61388379335403,0.63329756259918,0.61278009414673,0.60817450284958,0.62470805644989,0.61365288496017,0.62517070770264,0.60978531837463,0.61285185813904,0.63478142023087,0.62512439489365,0.64631628990173,0.61488205194473,0.62239688634872,0.63921797275543,0.63146096467972,0.60888677835464,0.64378470182419,0.61446928977966,0.60349923372269,0.59193068742752,0.59280842542648,0.60023230314255,0.61984705924988,0.61475938558578,0.61024487018585,0.65862393379211,0.60947173833847,0.60338997840881,0.58426338434219,0.62584280967712,0.67729407548904,0.63388282060623,0.62112283706665,0.5877497792244,0.64445453882217,0.60244768857956,0.62313050031662,0.62050980329514,0.66516071557999,0.61190545558929,0.6494272351265,0.62084776163101,0.60913932323456,0.63091111183167,0.59754425287247,0.61496758460999,0.64016860723495,0.61616849899292,0.61883026361465,0.64705270528793,0.61173284053802,0.62628161907196,0.62600582838058,0.63413572311401,0.63001221418381,0.61887168884277,0.61174005270004,0.63759952783585,0.60274690389633,0.59920120239258,0.6278480887413,0.62910199165344,0.6380729675293,0.67290896177292,0.61846625804901,0.60899591445923,0.61134177446365,0.62842512130737,0.60912024974823,0.63817083835602,0.62827277183533,0.63655489683151,0.60519725084305,0.61338299512863,0.59876537322998,0.62261152267456,0.62690716981888,0.63113778829575,0.5888569355011,0.62964272499084,0.63751423358917,0.61683458089828,0.59501880407333,0.62686657905579,0.65869063138962,0.58468520641327,0.60867720842361,0.59349536895752,0.63344997167587,0.61059713363647,0.60127013921738,0.61134362220764,0.60671907663345,0.64859700202942,0.61477833986282,0.66292017698288,0.63613730669022,0.61747974157333,0.65971130132675,0.62328344583511,0.66136962175369,0.64526611566544,0.61663883924484,0.6506775021553,0.64174628257751,0.62304943799973,0.61185956001282,0.62383162975311,0.62331962585449,0.59755212068558,0.60785162448883,0.62786161899567,0.63587099313736,0.62099957466125,0.63972687721252,0.63097822666168,0.62987005710602,0.61789679527283,0.60182583332062,0.60122466087341,0.63054156303406,0.61941212415695,0.63530868291855,0.61560618877411,0.62935584783554,0.62776225805283,0.60986822843552,0.63882726430893,0.61076730489731,0.64580261707306,0.60958135128021,0.6225203871727,0.63349556922913,0.6136486530304,0.60687321424484,0.61206746101379,0.605299949646,0.63738572597504,0.63613337278366,0.6222106218338,0.60922116041183,0.6404795050621,0.63188236951828,0.59700101613998,0.60349273681641,0.60756057500839,0.59532624483109,0.59349077939987,0.61946058273315,0.62912303209305,0.61672800779343,0.62302219867706,0.65219467878342,0.61816388368607,0.63275837898254,0.6407191157341,0.62920755147934,0.65177887678146,0.62694537639618,0.65577334165573,0.62995278835297,0.593525826931,0.62064176797867,0.60403341054916,0.63863116502762,0.61669516563416,0.61610615253448,0.63035416603088,0.63881063461304,0.64838397502899,0.61574220657349,0.63062363862991,0.60078471899033,0.62469518184662,0.66144174337387,0.62408971786499,0.60730248689651,0.62904989719391,0.65937227010727,0.65490275621414,0.6462230682373,0.6525102853775,0.62863981723785,0.66030555963516,0.5990224480629,0.62338471412659,0.65799248218536,0.6341016292572,0.60995131731033,0.60278517007828,0.61806005239487,0.65213763713837,0.61665099859238,0.62514132261276,0.63987505435944,0.60456085205078,0.64869678020477,0.66026663780212,0.63253325223923,0.62252700328827,0.59331655502319,0.59357529878616,0.61222565174103,0.64656966924667,0.64532154798508,0.5906063914299,0.6214594244957,0.61989891529083,0.59206455945969,0.6145800948143,0.63920670747757,0.61959892511368,0.65148156881332,0.63445258140564,0.62295210361481,0.6281121969223,0.65259099006653,0.63454520702362,0.62882000207901,0.62120962142944,0.62301284074783,0.61136943101883,0.64704555273056,0.65082877874374,0.62540751695633,0.62441581487656,0.60747534036636,0.61522901058197,0.59902161359787,0.64112615585327,0.63248246908188,0.64790350198746,0.63882732391357,0.66647177934647,0.61085379123688,0.64864939451218,0.6148042678833,0.64646357297897,0.64083194732666,0.6030712723732,0.63196408748627,0.62485587596893,0.66903710365295,0.63641607761383,0.64590466022491,0.66216939687729,0.62923419475555,0.64661639928818,0.62646061182022,0.61458778381348,0.60339188575745,0.65647321939468,0.60400813817978,0.63474971055984,0.66530388593674,0.61761111021042,0.64067834615707,0.65031737089157,0.61592787504196,0.62693506479263,0.61779338121414,0.59792107343674,0.62621134519577,0.6372138261795,0.66001576185226,0.64576858282089,0.63041543960571,0.60231697559357,0.65206533670425,0.6146684885025,0.62631577253342,0.6514139175415,0.63842296600342,0.63473302125931,0.63482844829559,0.64874088764191,0.63934701681137,0.61407017707825,0.63850831985474,0.62699615955353,0.62886720895767,0.65379720926285,0.6106578707695,0.60820460319519,0.62237775325775,0.66427099704742,0.63772451877594,0.62883973121643,0.63450580835342,0.62155562639236,0.6322478055954,0.63705629110336,0.59651285409927,0.60336649417877,0.63639229536057,0.63029915094376,0.63396370410919,0.578533411026,0.61952364444733,0.62247622013092,0.63734704256058,0.63918042182922,0.62695491313934,0.62125438451767,0.6161350607872,0.62446826696396,0.61657357215881,0.61637908220291,0.60729283094406,0.62689357995987,0.63434326648712,0.61737108230591,0.61405229568481,0.62556380033493,0.64451032876968,0.64151233434677,0.62635231018066,0.60636043548584,0.634496986866,0.64055287837982,0.6378476023674,0.65175592899323,0.62239402532578,0.61794143915176,0.65489393472672,0.60378986597061,0.59221971035004,0.61988478899002,0.60681533813477,0.61800020933151,0.63407337665558,0.64563417434692,0.62620496749878,0.63617670536041,0.64893901348114,0.6180128455162,0.61557626724243,